# signature	class	why it will never work
#
# What is impossible, and why - in ENGLISH. limites.tsv is the Portuguese
# original and the fallback: a row missing here reads in Portuguese.
#
hasp4*.dll	dongle	HASP4 hardware-key protection belongs to a generation the manufacturer no longer makes work outside Windows
haspms*.dll	dongle	HASP4 hardware-key protection belongs to a generation the manufacturer no longer makes work outside Windows
hasp16*.dll	dongle	HASP4 hardware-key protection belongs to a generation the manufacturer no longer makes work outside Windows
hasp32*.dll	dongle	HASP4 hardware-key protection belongs to a generation the manufacturer no longer makes work outside Windows
hardlock*.dll	dongle	Hardlock hardware-key protection belongs to a generation the manufacturer no longer makes work outside Windows
hlvdd*.dll	dongle	Hardlock hardware-key protection belongs to a generation the manufacturer no longer makes work outside Windows
aksusb*.dll	dongle	this program talks to the hardware key through Aladdin's old driver, which only exists inside Windows
hasp_windows*.dll	dongle-sentinel	this program uses a Sentinel (HASP) hardware key, and that one has a route on Linux	O fabricante (Thales) publica que funciona no Wine 10.0 com o "Sentinel LDK Run-time Environment for Linux" instalado. Quem instala é um técnico, uma vez: o programa aksusbd passa a cuidar da chave USB pelo lado do Linux e o programa Windows fala com ele pela rede da própria máquina. Se o programa for de 64 bits e disser que "detectou um depurador", isso só quem conserta é a empresa que fez o programa - não é a sua máquina.
hasp_net_windows*.dll	dongle-sentinel	this program uses a networked Sentinel (HASP) hardware key, and that one has a route on Linux	O fabricante (Thales) publica que funciona no Wine 10.0 com o "Sentinel LDK Run-time Environment for Linux" instalado. Quem instala é um técnico, uma vez: o programa aksusbd passa a cuidar da chave USB pelo lado do Linux e o programa Windows fala com ele pela rede da própria máquina.
haspvlib*.dll	dongle-sentinel	this program uses a Sentinel (HASP) hardware key, and that one has a route on Linux	O fabricante (Thales) publica que funciona no Wine 10.0 com o "Sentinel LDK Run-time Environment for Linux" instalado. Quem instala é um técnico, uma vez: o programa aksusbd passa a cuidar da chave USB pelo lado do Linux e o programa Windows fala com ele pela rede da própria máquina.
hasp_rt*.dll	dongle-sentinel	this program uses a Sentinel (HASP) hardware key, and that one has a route on Linux	O fabricante (Thales) publica que funciona no Wine 10.0 com o "Sentinel LDK Run-time Environment for Linux" instalado. Quem instala é um técnico, uma vez: o programa aksusbd passa a cuidar da chave USB pelo lado do Linux e o programa Windows fala com ele pela rede da própria máquina.
sntl_*.dll	dongle-sentinel	this program uses a Sentinel hardware key, and that one has a route on Linux	O fabricante (Thales) publica que funciona no Wine 10.0 com o "Sentinel LDK Run-time Environment for Linux" instalado. Quem instala é um técnico, uma vez: o programa aksusbd passa a cuidar da chave USB pelo lado do Linux e o programa Windows fala com ele pela rede da própria máquina.
sentinel*.dll	dongle-sentinel	this program uses a Sentinel hardware key, and that one has a route on Linux	O fabricante (Thales) publica que funciona no Wine 10.0 com o "Sentinel LDK Run-time Environment for Linux" instalado. Quem instala é um técnico, uma vez: o programa aksusbd passa a cuidar da chave USB pelo lado do Linux e o programa Windows fala com ele pela rede da própria máquina.
hasp*.dll	dongle-sentinel	this program uses a hardware key from the HASP family, and the newer ones have a route on Linux	Se a chave for uma Sentinel HL ou SL (as atuais), o fabricante publica que funciona no Wine 10.0 com o "Sentinel LDK Run-time Environment for Linux" instalado. Se for uma HASP4 ou Hardlock (as antigas, de plástico roxo), não tem caminho. Quem sabe qual é a sua é quem vendeu o programa.
wibucm*.dll	dongle-codemeter	this program uses a CodeMeter hardware key, and there may be a route	O fabricante (Wibu) tem um "CodeMeter Runtime" para Linux, e o programa Windows conversa com ele pela rede da própria máquina. O mecanismo existe, mas ninguém relatou ter feito isso funcionar no Wine ainda - vale tentar, e nos conte se deu certo.
codemeter*.dll	dongle-codemeter	this program uses a CodeMeter hardware key, and there may be a route	O fabricante (Wibu) tem um "CodeMeter Runtime" para Linux, e o programa Windows conversa com ele pela rede da própria máquina. O mecanismo existe, mas ninguém relatou ter feito isso funcionar no Wine ainda - vale tentar, e nos conte se deu certo.
rockey*.dll	dongle-hid	this program uses a Rockey hardware key, which Linux sees as a keyboard, so it may work	Esse modelo de chave é do tipo que o Linux já reconhece sozinho, sem instalar nada. O que pode faltar é permissão de leitura no aparelho. Ninguém relatou ainda - vale tentar, e nos conte se deu certo.
ntoskrnl.exe	driver	this file is a system driver, and Wine runs outside the Linux kernel
hal.dll	driver	this file is a system driver, and Wine runs outside the Linux kernel
ndis.sys	driver	this file is a system network driver, and Wine runs outside the Linux kernel
wdfldr*.dll	driver	this program loads a system driver, and Wine runs outside the Linux kernel
wdfldr*.sys	driver	this program loads a system driver, and Wine runs outside the Linux kernel
winio*.dll	driver	this program reaches the hardware directly, which only a system driver can do
inpout*.dll	driver	this program reaches the parallel port directly, which only a system driver can do
dlportio*.dll	driver	this program reaches the parallel port directly, which only a system driver can do
giveio*.dll	driver	this program reaches the hardware directly, which only a system driver can do
*.sys	driver	this program loads a system driver, and Wine runs outside the Linux kernel
easyanticheat*.dll	anticheat	this game uses anti-cheat that runs inside the system kernel
beclient*.dll	anticheat	this game uses anti-cheat that runs inside the system kernel
battleye*.dll	anticheat	this game uses anti-cheat that runs inside the system kernel
winusb.dll	usb	this program talks straight to a device over USB; Wine only does part of that, and devices Linux is already using end up contested
libusb*.dll	usb	this program talks straight to a device over USB; Wine only does part of that, and devices Linux is already using end up contested
hid.dll	usb-talvez	this program talks to a keyboard-type USB device; keyboards and barcode scanners usually work, other devices may not show up at all	O Wine mostra ao programa todos os aparelhos desse tipo que o Linux enxerga. Se o seu não aparecer, quase sempre é permissão de leitura no aparelho, não o Wine.
winscard.dll	pcsc	this program uses a smart-card reader or a certificate token (A3)	O Wine repassa a leitora para o Linux, então o primeiro passo é o Linux enxergar o token: instale pcscd, pcsc-tools e libccid, e rode pcsc-scan para ver se ele aparece. Aviso honesto: a leitora aparecer não quer dizer que o certificado vai assinar - programas brasileiros costumam pedir o certificado por um caminho do Windows que o Linux não tem, e aí só o fornecedor do programa resolve.
clisitef*.dll	tef	this program uses the CliSiTef card-payment library	A empresa que faz o CliSiTef (Software Express) já publica uma versão dele para Linux. Não é você que instala: é o fornecedor do seu sistema de vendas que precisa usá-la. Vale pedir a ele - o pinpad no Linux costuma aparecer como /dev/ttyACM0.
pgweblib*.dll	tef	this program uses the PayGo card-payment library	A PayGo já publica a biblioteca dela para Linux. Não é você que instala: é o fornecedor do seu sistema de vendas que precisa usá-la. Vale pedir a ele.
acbrlib*.dll	tef	this program uses ACBrLib for fiscal documents or card payments	A ACBrLib é compilada também para Linux, em 32 e 64 bits. Não é você que instala: é o fornecedor do seu sistema que precisa usá-la. Vale pedir a ele.
