# 特征	类别	为什么永远不行
#
# 什么是做不到的，以及为什么。简体中文。limites.tsv（葡萄牙语）是原文，
# 也是回退：这里缺的一行会以葡萄牙语显示。
#

hasp4*.dll	dongle	HASP4 硬件锁属于厂商已经不再让它在 Windows 之外工作的那一代
haspms*.dll	dongle	HASP4 硬件锁属于厂商已经不再让它在 Windows 之外工作的那一代
hasp16*.dll	dongle	HASP4 硬件锁属于厂商已经不再让它在 Windows 之外工作的那一代
hasp32*.dll	dongle	HASP4 硬件锁属于厂商已经不再让它在 Windows 之外工作的那一代
hardlock*.dll	dongle	Hardlock 硬件锁属于厂商已经不再让它在 Windows 之外工作的那一代
hlvdd*.dll	dongle	Hardlock 硬件锁属于厂商已经不再让它在 Windows 之外工作的那一代
aksusb*.dll	dongle	这个程序通过 Aladdin 的旧驱动跟硬件锁通信，而那个驱动只存在于 Windows 里面

hasp_windows*.dll	dongle-sentinel	这个程序用的是 Sentinel（HASP）硬件锁，而它在 Linux 上有路可走	厂商（Thales）公布：装上 "Sentinel LDK Run-time Environment for Linux" 后可在 Wine 10.0 上工作。由技术人员安装一次即可：aksusbd 程序在 Linux 这一侧负责管理这把 USB 钥匙，Windows 程序通过本机自己的网络与它通信。如果程序是 64 位的，并且提示它"检测到调试器"，那只有做这个程序的公司才能解决——问题不在您的电脑。
hasp_net_windows*.dll	dongle-sentinel	这个程序用的是网络版 Sentinel（HASP）硬件锁，而它在 Linux 上有路可走	厂商（Thales）公布：装上 "Sentinel LDK Run-time Environment for Linux" 后可在 Wine 10.0 上工作。由技术人员安装一次即可：aksusbd 程序在 Linux 这一侧负责管理这把 USB 钥匙，Windows 程序通过本机自己的网络与它通信。
haspvlib*.dll	dongle-sentinel	这个程序用的是 Sentinel（HASP）硬件锁，而它在 Linux 上有路可走	厂商（Thales）公布：装上 "Sentinel LDK Run-time Environment for Linux" 后可在 Wine 10.0 上工作。由技术人员安装一次即可：aksusbd 程序在 Linux 这一侧负责管理这把 USB 钥匙，Windows 程序通过本机自己的网络与它通信。
hasp_rt*.dll	dongle-sentinel	这个程序用的是 Sentinel（HASP）硬件锁，而它在 Linux 上有路可走	厂商（Thales）公布：装上 "Sentinel LDK Run-time Environment for Linux" 后可在 Wine 10.0 上工作。由技术人员安装一次即可：aksusbd 程序在 Linux 这一侧负责管理这把 USB 钥匙，Windows 程序通过本机自己的网络与它通信。
sntl_*.dll	dongle-sentinel	这个程序用的是 Sentinel 硬件锁，而它在 Linux 上有路可走	厂商（Thales）公布：装上 "Sentinel LDK Run-time Environment for Linux" 后可在 Wine 10.0 上工作。由技术人员安装一次即可：aksusbd 程序在 Linux 这一侧负责管理这把 USB 钥匙，Windows 程序通过本机自己的网络与它通信。
sentinel*.dll	dongle-sentinel	这个程序用的是 Sentinel 硬件锁，而它在 Linux 上有路可走	厂商（Thales）公布：装上 "Sentinel LDK Run-time Environment for Linux" 后可在 Wine 10.0 上工作。由技术人员安装一次即可：aksusbd 程序在 Linux 这一侧负责管理这把 USB 钥匙，Windows 程序通过本机自己的网络与它通信。
hasp*.dll	dongle-sentinel	这个程序用的是 HASP 家族的硬件锁，新版本在 Linux 上有路可走	如果钥匙是 Sentinel HL 或 SL（现行型号），厂商公布：装上 "Sentinel LDK Run-time Environment for Linux" 后可在 Wine 10.0 上工作。如果是 HASP4 或 Hardlock（老型号，紫色塑料），那就没有出路。卖给您这个程序的人知道您的是哪一种。

wibucm*.dll	dongle-codemeter	这个程序用的是 CodeMeter 硬件锁，可能有路可走	厂商（Wibu）有一个 Linux 版的 "CodeMeter Runtime"，Windows 程序通过本机自己的网络与它通信。机制是存在的，但还没有人报告在 Wine 上把它跑通——值得一试，成功了请告诉我们。
codemeter*.dll	dongle-codemeter	这个程序用的是 CodeMeter 硬件锁，可能有路可走	厂商（Wibu）有一个 Linux 版的 "CodeMeter Runtime"，Windows 程序通过本机自己的网络与它通信。机制是存在的，但还没有人报告在 Wine 上把它跑通——值得一试，成功了请告诉我们。
rockey*.dll	dongle-hid	这个程序用的是 Rockey 硬件锁，Linux 把它当键盘看，所以可能能用	这种型号的钥匙属于 Linux 本来就能自己认出来的类型，不用装任何东西。可能缺的是对设备的读取权限。目前还没有人报告过——值得一试，成功了请告诉我们。

ntoskrnl.exe	driver	这个文件是系统驱动，而 Wine 跑在 Linux 内核之外
hal.dll	driver	这个文件是系统驱动，而 Wine 跑在 Linux 内核之外
ndis.sys	driver	这个文件是系统网络驱动，而 Wine 跑在 Linux 内核之外
wdfldr*.dll	driver	这个程序会加载系统驱动，而 Wine 跑在 Linux 内核之外
wdfldr*.sys	driver	这个程序会加载系统驱动，而 Wine 跑在 Linux 内核之外
winio*.dll	driver	这个程序直接访问硬件，而这只有系统驱动才做得到
inpout*.dll	driver	这个程序直接访问并口，而这只有系统驱动才做得到
dlportio*.dll	driver	这个程序直接访问并口，而这只有系统驱动才做得到
giveio*.dll	driver	这个程序直接访问硬件，而这只有系统驱动才做得到
*.sys	driver	这个程序会加载系统驱动，而 Wine 跑在 Linux 内核之外

easyanticheat*.dll	anticheat	这个游戏用的反作弊程序跑在系统内核里面
beclient*.dll	anticheat	这个游戏用的反作弊程序跑在系统内核里面
battleye*.dll	anticheat	这个游戏用的反作弊程序跑在系统内核里面

winusb.dll	usb	这个程序直接通过 USB 跟设备通信；Wine 只做到一部分，而且 Linux 已经在用的设备会被抢
libusb*.dll	usb	这个程序直接通过 USB 跟设备通信；Wine 只做到一部分，而且 Linux 已经在用的设备会被抢
hid.dll	usb-talvez	这个程序跟键盘类的 USB 设备通信；键盘和扫码枪一般能用，别的设备可能根本不出现	Wine 会把 Linux 能看到的这类设备全部展示给程序。如果您的设备没出现，几乎总是设备的读取权限问题，而不是 Wine。

winscard.dll	pcsc	这个程序用读卡器或证书令牌（A3）	Wine 把读卡器交给 Linux 处理，所以第一步是让 Linux 看到这个令牌：安装 pcscd、pcsc-tools 和 libccid，然后运行 pcsc-scan 看它是否出现。一句实话：读卡器出现不等于证书就能签名——巴西的程序常常通过一个 Linux 没有的 Windows 路径去取证书，那种情况只有程序的供应商能解决。

clisitef*.dll	tef	这个程序用 CliSiTef 刷卡库	制作 CliSiTef 的公司（Software Express）已经发布了它的 Linux 版本。这不是您来安装的：需要用它的是您收银系统的供应商。值得向他提出来——在 Linux 上密码键盘通常显示为 /dev/ttyACM0。
pgweblib*.dll	tef	这个程序用 PayGo 刷卡库	PayGo 已经发布了它的 Linux 库。这不是您来安装的：需要用它的是您收银系统的供应商。值得向他提出来。
acbrlib*.dll	tef	这个程序用 ACBrLib 来开票或刷卡	ACBrLib 也有 Linux 版本，32 位和 64 位都有。这不是您来安装的：需要用它的是您系统的供应商。值得向他提出来。
