# signature	classe	pourquoi cela ne marchera jamais
#
# Ce qui est impossible, et pourquoi. FRANÇAIS. limites.tsv (portugais) est
# l'original et le repli : une ligne absente ici se lit en portugais.
#

hasp4*.dll	dongle	la protection par clé physique HASP4 est d'une génération que le fabricant ne fait plus fonctionner hors de Windows
haspms*.dll	dongle	la protection par clé physique HASP4 est d'une génération que le fabricant ne fait plus fonctionner hors de Windows
hasp16*.dll	dongle	la protection par clé physique HASP4 est d'une génération que le fabricant ne fait plus fonctionner hors de Windows
hasp32*.dll	dongle	la protection par clé physique HASP4 est d'une génération que le fabricant ne fait plus fonctionner hors de Windows
hardlock*.dll	dongle	la protection par clé physique Hardlock est d'une génération que le fabricant ne fait plus fonctionner hors de Windows
hlvdd*.dll	dongle	la protection par clé physique Hardlock est d'une génération que le fabricant ne fait plus fonctionner hors de Windows
aksusb*.dll	dongle	ce programme parle à la clé physique par l'ancien pilote d'Aladdin, qui n'existe que dans Windows

hasp_windows*.dll	dongle-sentinel	ce programme utilise une clé physique Sentinel (HASP), et celle-là a une voie sous Linux	Le fabricant (Thales) publie que cela fonctionne sur Wine 10.0 avec le "Sentinel LDK Run-time Environment for Linux" installé. C'est un technicien qui l'installe, une seule fois : le programme aksusbd prend en charge la clé USB du côté Linux et le programme Windows lui parle par le réseau de la machine elle-même. Si le programme est en 64 bits et dit qu'il a "détecté un débogueur", seule l'entreprise qui a fait le programme peut le corriger - ce n'est pas votre machine.
hasp_net_windows*.dll	dongle-sentinel	ce programme utilise une clé physique Sentinel (HASP) en réseau, et celle-là a une voie sous Linux	Le fabricant (Thales) publie que cela fonctionne sur Wine 10.0 avec le "Sentinel LDK Run-time Environment for Linux" installé. C'est un technicien qui l'installe, une seule fois : le programme aksusbd prend en charge la clé USB du côté Linux et le programme Windows lui parle par le réseau de la machine elle-même.
haspvlib*.dll	dongle-sentinel	ce programme utilise une clé physique Sentinel (HASP), et celle-là a une voie sous Linux	Le fabricant (Thales) publie que cela fonctionne sur Wine 10.0 avec le "Sentinel LDK Run-time Environment for Linux" installé. C'est un technicien qui l'installe, une seule fois : le programme aksusbd prend en charge la clé USB du côté Linux et le programme Windows lui parle par le réseau de la machine elle-même.
hasp_rt*.dll	dongle-sentinel	ce programme utilise une clé physique Sentinel (HASP), et celle-là a une voie sous Linux	Le fabricant (Thales) publie que cela fonctionne sur Wine 10.0 avec le "Sentinel LDK Run-time Environment for Linux" installé. C'est un technicien qui l'installe, une seule fois : le programme aksusbd prend en charge la clé USB du côté Linux et le programme Windows lui parle par le réseau de la machine elle-même.
sntl_*.dll	dongle-sentinel	ce programme utilise une clé physique Sentinel, et celle-là a une voie sous Linux	Le fabricant (Thales) publie que cela fonctionne sur Wine 10.0 avec le "Sentinel LDK Run-time Environment for Linux" installé. C'est un technicien qui l'installe, une seule fois : le programme aksusbd prend en charge la clé USB du côté Linux et le programme Windows lui parle par le réseau de la machine elle-même.
sentinel*.dll	dongle-sentinel	ce programme utilise une clé physique Sentinel, et celle-là a une voie sous Linux	Le fabricant (Thales) publie que cela fonctionne sur Wine 10.0 avec le "Sentinel LDK Run-time Environment for Linux" installé. C'est un technicien qui l'installe, une seule fois : le programme aksusbd prend en charge la clé USB du côté Linux et le programme Windows lui parle par le réseau de la machine elle-même.
hasp*.dll	dongle-sentinel	ce programme utilise une clé physique de la famille HASP, et les versions récentes ont une voie sous Linux	Si la clé est une Sentinel HL ou SL (les actuelles), le fabricant publie que cela fonctionne sur Wine 10.0 avec le "Sentinel LDK Run-time Environment for Linux" installé. Si c'est une HASP4 ou une Hardlock (les anciennes, en plastique violet), il n'y a pas de chemin. Celui qui vous a vendu le programme sait laquelle est la vôtre.

wibucm*.dll	dongle-codemeter	ce programme utilise une clé physique CodeMeter, et il y a peut-être une voie	Le fabricant (Wibu) a un "CodeMeter Runtime" pour Linux, et le programme Windows lui parle par le réseau de la machine elle-même. Le mécanisme existe, mais personne n'a encore signalé l'avoir fait marcher sous Wine - cela vaut la peine d'essayer, et dites-nous si cela a marché.
codemeter*.dll	dongle-codemeter	ce programme utilise une clé physique CodeMeter, et il y a peut-être une voie	Le fabricant (Wibu) a un "CodeMeter Runtime" pour Linux, et le programme Windows lui parle par le réseau de la machine elle-même. Le mécanisme existe, mais personne n'a encore signalé l'avoir fait marcher sous Wine - cela vaut la peine d'essayer, et dites-nous si cela a marché.
rockey*.dll	dongle-hid	ce programme utilise une clé physique Rockey, que Linux voit comme un clavier, donc cela peut fonctionner	Ce modèle de clé fait partie de ceux que Linux reconnaît déjà tout seul, sans rien installer. Ce qui peut manquer, c'est la permission de lecture sur l'appareil. Personne n'en a encore signalé - cela vaut la peine d'essayer, et dites-nous si cela a marché.

ntoskrnl.exe	driver	ce fichier est un pilote système, et Wine tourne hors du noyau Linux
hal.dll	driver	ce fichier est un pilote système, et Wine tourne hors du noyau Linux
ndis.sys	driver	ce fichier est un pilote réseau système, et Wine tourne hors du noyau Linux
wdfldr*.dll	driver	ce programme charge un pilote système, et Wine tourne hors du noyau Linux
wdfldr*.sys	driver	ce programme charge un pilote système, et Wine tourne hors du noyau Linux
winio*.dll	driver	ce programme accède directement au matériel, ce que seul un pilote système peut faire
inpout*.dll	driver	ce programme accède directement au port parallèle, ce que seul un pilote système peut faire
dlportio*.dll	driver	ce programme accède directement au port parallèle, ce que seul un pilote système peut faire
giveio*.dll	driver	ce programme accède directement au matériel, ce que seul un pilote système peut faire
*.sys	driver	ce programme charge un pilote système, et Wine tourne hors du noyau Linux

easyanticheat*.dll	anticheat	ce jeu utilise un anti-triche qui tourne dans le noyau du système
beclient*.dll	anticheat	ce jeu utilise un anti-triche qui tourne dans le noyau du système
battleye*.dll	anticheat	ce jeu utilise un anti-triche qui tourne dans le noyau du système

winusb.dll	usb	ce programme parle directement à un appareil par le port USB ; Wine n'en fait qu'une partie, et les appareils que Linux utilise déjà se retrouvent disputés
libusb*.dll	usb	ce programme parle directement à un appareil par le port USB ; Wine n'en fait qu'une partie, et les appareils que Linux utilise déjà se retrouvent disputés
hid.dll	usb-talvez	ce programme parle à un appareil USB de type clavier ; claviers et lecteurs de code-barres marchent en général, d'autres appareils peuvent ne pas apparaître	Wine montre au programme tous les appareils de ce type que Linux voit. Si le vôtre n'apparaît pas, c'est presque toujours la permission de lecture sur l'appareil, pas Wine.

winscard.dll	pcsc	ce programme utilise un lecteur de carte ou un jeton de certificat (A3)	Wine transmet le lecteur à Linux, donc la première étape est que Linux voie le token : installez pcscd, pcsc-tools et libccid, puis lancez pcsc-scan pour voir s'il apparaît. Avertissement honnête : que le lecteur apparaisse ne veut pas dire que le certificat signera - les programmes brésiliens demandent souvent le certificat par un chemin Windows que Linux n'a pas, et alors seul le fournisseur du programme peut le résoudre.

clisitef*.dll	tef	ce programme utilise la bibliothèque de paiement par carte CliSiTef	L'entreprise qui fait CliSiTef (Software Express) publie déjà une version Linux. Ce n'est pas vous qui l'installez : c'est le fournisseur de votre système de caisse qui doit l'utiliser. Cela vaut la peine de le lui demander - sous Linux le pinpad apparaît généralement comme /dev/ttyACM0.
pgweblib*.dll	tef	ce programme utilise la bibliothèque de paiement par carte PayGo	PayGo publie déjà sa bibliothèque pour Linux. Ce n'est pas vous qui l'installez : c'est le fournisseur de votre système de caisse qui doit l'utiliser. Cela vaut la peine de le lui demander.
acbrlib*.dll	tef	ce programme utilise ACBrLib pour la facturation ou le paiement par carte	ACBrLib est aussi compilée pour Linux, en 32 et 64 bits. Ce n'est pas vous qui l'installez : c'est le fournisseur de votre système qui doit l'utiliser. Cela vaut la peine de le lui demander.
newdev.dll	instalador-driver	ce fichier est un installeur de pilote. Wine le laisse s'executer et copier ses fichiers, et il annonce que tout s'est bien passe - mais la partie qui associe reellement un pilote a un appareil ne fait rien, donc rien ne change et aucune erreur n'apparait	Dans la quasi-totalite des cas l'appareil n'en a pas besoin : Linux pilote deja les puces convertisseur serie et USB pour lesquelles ces CD existent, et l'appareil fonctionne generalement deja. Lancez "tandem portas" pour voir les ports et quel appareil est sur chacun. Si c'est une imprimante, Linux imprime par CUPS et le pilote Windows n'est pas utilise. Seule une vraie carte d'extension ou un materiel de laboratoire inhabituel a vraiment besoin du pilote Windows, et pour celui-la il n'y a pas de chemin.
difxapi.dll	instalador-driver	ce fichier est un installeur de pilote. Wine le laisse s'executer et copier ses fichiers, et il annonce que tout s'est bien passe - mais la partie qui associe reellement un pilote a un appareil ne fait rien, donc rien ne change et aucune erreur n'apparait	Dans la quasi-totalite des cas l'appareil n'en a pas besoin : Linux pilote deja les puces convertisseur serie et USB pour lesquelles ces CD existent, et l'appareil fonctionne generalement deja. Lancez "tandem portas" pour voir les ports et quel appareil est sur chacun. Si c'est une imprimante, Linux imprime par CUPS et le pilote Windows n'est pas utilise. Seule une vraie carte d'extension ou un materiel de laboratoire inhabituel a vraiment besoin du pilote Windows, et pour celui-la il n'y a pas de chemin.
